[{"id":"ld1-1643412988961-1643412991178-0","title":"Scorpaenodes barrybrowni Pitassy & Baldwin","date":["2010s"],"place":"Curacao","min_depth":80,"max_depth":152,"fish_length_unit":"mm","fish_length_val":39,"link":"http://n2t.net/ark:/65665/m3258b4f1c-70d0-4c98-a75d-43a6a8340840"},{"id":"ld1-1643412988961-1643412995971-0","title":"Enneanectes flavus Victor","date":["2000s"],"place":"Tobago","min_depth":0,"max_depth":1,"fish_length_unit":"mm","fish_length_val":19,"link":"http://n2t.net/ark:/65665/m32fd592d9-40b4-4590-801d-7bed678f091a"},{"id":"ld1-1643412988961-1643412996039-0","title":"Enneanectes flavus Victor","date":["2000s"],"place":"Tobago","min_depth":0,"max_depth":1,"fish_length_unit":"mm","fish_length_val":23,"link":"http://n2t.net/ark:/65665/m3f2f681e2-2aae-4b5a-ab29-3ecb1f2e97ec"},{"id":"ld1-1643412988961-1643412996003-0","title":"Enneanectes flavus Victor","date":["2000s"],"place":"Tobago","min_depth":0,"max_depth":1,"fish_length_unit":"mm","fish_length_val":18.5,"link":"http://n2t.net/ark:/65665/m35e53c7f6-fcbc-420f-8e13-8f25de42d9e9"},{"id":"ld1-1643412988961-1643412995968-0","title":"Enneanectes flavus Victor","date":["2000s"],"place":"Tobago","min_depth":0,"max_depth":1,"fish_length_unit":"mm","fish_length_val":23,"link":"http://n2t.net/ark:/65665/m3259d8bc3-e039-4f85-af36-82bfff9ca8dd"},{"id":"ld1-1643412988961-1643412992953-0","title":"Plectranthias flammeus","date":["2010s"],"place":"Pacific","min_depth":7,"max_depth":27,"fish_length_unit":"mm","fish_length_val":24,"link":"http://n2t.net/ark:/65665/m375814945-5323-4f26-9fb7-ac8b5ba1d7f9"},{"id":"ld1-1643412988961-1643412992870-1","title":"Plectranthias flammeus","date":["2010s"],"place":"Pacific","min_depth":20,"max_depth":40,"fish_length_unit":"mm","fish_length_val":12,"link":"http://n2t.net/ark:/65665/m39dd4df3a-50a7-4f76-97a8-59c58a903bb4"},{"id":"ld1-1643412988961-1643412992970-0","title":"Plectranthias flammeus","date":["2010s"],"place":"Pacific","min_depth":20,"max_depth":40,"fish_length_unit":"mm","fish_length_val":21,"link":"http://n2t.net/ark:/65665/m314b0a444-367a-4c54-ac82-768f9b8e6aac"},{"id":"ld1-1643414195102-1643414222154-1","title":"Thalassoma nigrofasciatum Randall","date":["1990s"],"place":"Vanuatu","min_depth":1,"max_depth":3,"fish_length_unit":"mm","fish_length_val":81.8,"link":"http://n2t.net/ark:/65665/m33cc69bd7-fa2b-496b-8b40-ef6dae24c2ff"},{"id":"ld1-1643414195102-1643414222056-0","title":"Thalassoma nigrofasciatum Randall","date":["1990s"],"place":"Vanuatu","min_depth":0,"max_depth":2,"fish_length_unit":"mm","fish_length_val":72.4,"link":"http://n2t.net/ark:/65665/m34f2604d2-f4ab-4e17-868d-9b88863b10e9"},{"id":"ld1-1643414195102-1643414222157-0","title":"Pseudoplesiops wassi Gill & Edwards","date":["1990s"],"place":"Vanuatu","min_depth":23,"max_depth":27,"fish_length_unit":"mm","fish_length_val":25.8,"link":"http://n2t.net/ark:/65665/m3df6febdd-c1cb-4d46-9fd6-21fcbb1bf62c"},{"id":"ld1-1643412988961-1643412996105-0","title":"Enneanectes flavus Victor","date":["2000s"],"place":"Tobago","min_depth":0,"max_depth":3,"fish_length_unit":"mm","fish_length_val":20,"link":"http://n2t.net/ark:/65665/m3e659ebe5-b2e1-49a7-be2d-e262726e0fd4"},{"id":"ld1-1643412988961-1643412992883-0","title":"Eviota deminuta Tornabene et al.","date":["2010s"],"place":"Pacific","min_depth":20,"max_depth":40,"fish_length_unit":"mm","fish_length_val":9,"link":"http://n2t.net/ark:/65665/m391102e67-a262-4b18-a97c-e2d7759c1dca"},{"id":"ld1-1643412988961-1643413016461-0","title":"Coryphopterus curasub Baldwin & Robertson","date":["2010s"],"place":"Curacao","min_depth":73,"max_depth":305,"fish_length_unit":"mm","fish_length_val":33,"link":"http://n2t.net/ark:/65665/m321888474-29bc-4106-9e0c-56e159a54a1f"},{"id":"ld1-1643412988961-1643412992789-0","title":"Eviota deminuta Tornabene et al.","date":["2010s"],"place":"Pacific","min_depth":20,"max_depth":40,"fish_length_unit":"mm","fish_length_val":8,"link":"http://n2t.net/ark:/65665/m3de01903b-73c9-4e07-91af-218c08265394"},{"id":"ld1-1643412988961-1643412992978-0","title":"Eviota lacrimosa Tornabene et al.","date":["2010s"],"place":"Pacific","min_depth":20,"max_depth":25,"fish_length_unit":"mm","fish_length_val":14,"link":"http://n2t.net/ark:/65665/m34edd2219-53a5-497b-a407-0da2829c821d"},{"id":"ld1-1643412988961-1643412995995-0","title":"Enneanectes flavus Victor","date":["2000s"],"place":"Tobago","min_depth":0,"max_depth":3,"fish_length_unit":"mm","fish_length_val":25,"link":"http://n2t.net/ark:/65665/m375ef747a-b4f1-4869-bb23-f28d24541c19"},{"id":"ld1-1643412988961-1643412991235-0","title":"Coryphopterus curasub Baldwin & Robertson","date":["2010s"],"place":"Curacao","min_depth":80,"max_depth":152,"fish_length_unit":"mm","fish_length_val":34,"link":"http://n2t.net/ark:/65665/m3ee356b4d-cc63-4c08-8cb1-cb913a6b93f8"},{"id":"ld1-1643412988961-1643413007514-1","title":"Lepadichthys conwayi Fujiwara & Motomura","date":["2010s"],"place":"Pacific","min_depth":3,"max_depth":5,"fish_length_unit":"mm","fish_length_val":29.5,"link":"http://n2t.net/ark:/65665/m354ef0ffa-033e-4e40-bbde-df7269d34c57"},{"id":"ld1-1643412988961-1643412990940-0","title":"Lepadichthys conwayi Fujiwara & Motomura","date":["2010s"],"place":"Tuamotu-Gambier","min_depth":10,"max_depth":25,"fish_length_unit":"mm","fish_length_val":36.1,"link":"http://n2t.net/ark:/65665/m3b514319b-486f-4809-b40e-b8313581f0ea"},{"id":"ld1-1643412988961-1643413007790-1","title":"Lepadichthys conwayi Fujiwara & Motomura","date":["2010s"],"place":"Pacific","min_depth":3,"max_depth":5,"fish_length_unit":"mm","fish_length_val":40.7,"link":"http://n2t.net/ark:/65665/m3e317d3e2-48a4-42b1-86d4-483d010175c0"},{"id":"ld1-1643412988961-1643413007628-1","title":"Lepadichthys conwayi Fujiwara & Motomura","date":["2010s"],"place":"Pacific","min_depth":10,"max_depth":15,"fish_length_unit":"mm","fish_length_val":35.3,"link":"http://n2t.net/ark:/65665/m3549b9d40-8957-4225-80e7-d2886007d027"},{"id":"ld1-1643412988961-1643413007576-1","title":"Lepadichthys conwayi Fujiwara & Motomura","date":["2010s"],"place":"Pacific","min_depth":10,"max_depth":15,"fish_length_unit":"mm","fish_length_val":41.1,"link":"http://n2t.net/ark:/65665/m30089fc5c-b355-45a6-85cb-175d04649042"},{"id":"ld1-1643412988961-1643413007484-0","title":"Lepadichthys conwayi Fujiwara & Motomura","date":["2010s"],"place":"Pacific","min_depth":10,"max_depth":15,"fish_length_unit":"mm","fish_length_val":27.7,"link":"http://n2t.net/ark:/65665/m3e76c1c87-2d64-4108-a925-55e573b74cf7"},{"id":"ld1-1643412988961-1643413007762-0","title":"Lepadichthys conwayi Fujiwara & Motomura","date":["2010s"],"place":"Pacific","min_depth":3,"max_depth":5,"fish_length_unit":"mm","fish_length_val":33.8,"link":"http://n2t.net/ark:/65665/m336822157-dc2e-4254-8a84-59e25b52919a"},{"id":"ld1-1643412988961-1643412992905-1","title":"Trachinocephalus gauguini Polanco Fernández et al.","date":["2010s"],"place":"Pacific","min_depth":26,"max_depth":28,"fish_length_unit":"mm","fish_length_val":39,"link":"http://n2t.net/ark:/65665/m3714d136b-9220-4357-86e7-e786c9f6bf70"},{"id":"ld1-1643412988961-1643412993024-1","title":"Trachinocephalus gauguini Polanco Fernández et al.","date":["2010s"],"place":"Pacific","min_depth":26,"max_depth":28,"fish_length_unit":"mm","fish_length_val":35,"link":"http://n2t.net/ark:/65665/m352a6a29d-e05d-4df5-949e-8d731f78adfe"},{"id":"ld1-1698141244281-1698141275536-0","title":"Opistognathus albomaculatus Smith-Vaniz","date":["1990s"],"place":"Temotu Province","min_depth":10,"max_depth":35,"fish_length_unit":"mm","fish_length_val":48.8,"link":"http://n2t.net/ark:/65665/m3b9e5bf85-b9b8-4cb6-b1ce-a746c8a39d0c"},{"id":"ld1-1699354710846-1699354743603-0","title":"Opistognathus wassi Smith-Vaniz","date":["1990s"],"place":"Temotu Province","min_depth":5,"max_depth":28,"fish_length_unit":"mm","fish_length_val":52.1,"link":"http://n2t.net/ark:/65665/m36769fe34-5a06-4d57-8781-5c7664e23cc6"},{"id":"ld1-1699354710846-1699354743576-0","title":"Opistognathus parvus Smith-Vaniz","date":["1990s"],"place":"Temotu Province","min_depth":10,"max_depth":35,"fish_length_unit":"mm","fish_length_val":28.9,"link":"http://n2t.net/ark:/65665/m3f6e4654f-d60d-44d6-87e0-500466bca476"},{"id":"ld1-1643412988961-1643412990970-0","title":"Cirripectes matatakaro Hoban & Williams","date":["2010s"],"place":"Tuamotu-Gambier","min_depth":10,"max_depth":25,"fish_length_unit":"mm","fish_length_val":35,"link":"http://n2t.net/ark:/65665/m3046e4da4-433c-4703-9c95-2dbead6f3ae0"},{"id":"ld1-1643412988961-1643412992740-0","title":"Cirripectes matatakaro Hoban & Williams","date":["2010s"],"place":"Pacific","min_depth":17,"max_depth":32,"fish_length_unit":"mm","fish_length_val":41,"link":"http://n2t.net/ark:/65665/m369b2ed01-e593-4dda-9a3a-042debc428fb"},{"id":"ld1-1643412988961-1643412992988-0","title":"Cirripectes matatakaro Hoban & Williams","date":["2010s"],"place":"Pacific","min_depth":17,"max_depth":32,"fish_length_unit":"mm","fish_length_val":60,"link":"http://n2t.net/ark:/65665/m3f93c3b43-cbfc-4717-bd2f-3e54f7f3bffe"},{"id":"ld1-1643412988961-1643412990962-0","title":"Cirripectes matatakaro Hoban & Williams","date":["2010s"],"place":"Tuamotu-Gambier","min_depth":10,"max_depth":25,"fish_length_unit":"mm","fish_length_val":29.3,"link":"http://n2t.net/ark:/65665/m3a053f55a-e94b-4a6e-b401-dc2cf2236466"},{"id":"ld1-1643412988961-1643412994118-0","title":"Callogobius williamsi Delventhal & Mooi","date":["2000s"],"place":"Pacific","min_depth":6,"max_depth":20,"fish_length_unit":"mm","fish_length_val":22.8,"link":"http://n2t.net/ark:/65665/m35fcdd704-4bad-4dae-8660-e34c4000ab8b"},{"id":"ld1-1643412988961-1643412991325-1","title":"Lipogramma levinsoni Baldwin et al.","date":["2010s"],"place":"Curacao","min_depth":137,"max_depth":146,"fish_length_unit":"mm","fish_length_val":31,"link":"http://n2t.net/ark:/65665/m36d5c203f-2a26-4cef-a2ff-8df44da6a1a8"},{"id":"ld1-1643412988961-1643412989927-0","title":"Acyrtus lanthanum Conway et al.","date":["2010s"],"place":"Belize","min_depth":1,"max_depth":2,"fish_length_unit":"mm","fish_length_val":17,"link":"http://n2t.net/ark:/65665/m3a2a6be2b-1d98-4a79-864c-52b77e8c946e"},{"id":"ld1-1643412988961-1643412989951-0","title":"Acyrtus lanthanum Conway et al.","date":["2010s"],"place":"Belize","min_depth":1,"max_depth":2,"fish_length_unit":"mm","fish_length_val":16.5,"link":"http://n2t.net/ark:/65665/m36f9e19c7-c40b-4391-9a4d-70b22abafa0b"},{"id":"ld1-1643412988961-1643412990003-1","title":"Acyrtus lanthanum Conway et al.","date":["2010s"],"place":"Belize","min_depth":1,"max_depth":2,"fish_length_unit":"mm","fish_length_val":15,"link":"http://n2t.net/ark:/65665/m3ee31f4ea-03d6-4fc6-a822-82d26296cd52"},{"id":"ld1-1643412988961-1643412989924-1","title":"Acyrtus lanthanum Conway et al.","date":["2010s"],"place":"Belize","min_depth":1.5,"max_depth":3,"fish_length_unit":"mm","fish_length_val":13,"link":"http://n2t.net/ark:/65665/m3088f8e74-f160-44dc-9c94-440746b0e7bc"},{"id":"ld1-1643412988961-1643412989879-1","title":"Acyrtus lanthanum Conway et al.","date":["2010s"],"place":"Belize","min_depth":1.5,"max_depth":3,"fish_length_unit":"mm","fish_length_val":12.5,"link":"http://n2t.net/ark:/65665/m3ddbb2b03-6a3b-4e3d-a48e-5ba1a7acb10f"},{"id":"ld1-1643412988961-1643412991275-0","title":"Lipogramma levinsoni Baldwin et al.","date":["2010s"],"place":"Curacao","min_depth":137,"max_depth":146,"fish_length_unit":"mm","fish_length_val":20,"link":"http://n2t.net/ark:/65665/m35e8f06da-55d2-443d-bb54-3f89eedf25c9"},{"id":"ld1-1643412988961-1643412991179-0","title":"Lipogramma levinsoni Baldwin et al.","date":["2010s"],"place":"Curacao","min_depth":93,"max_depth":185,"fish_length_unit":"mm","fish_length_val":28,"link":"http://n2t.net/ark:/65665/362babdb7-c223-4cde-acff-d07a5a4ec7f9"},{"id":"ld1-1643414195102-1643414263733-0","title":"Canthigaster criobe Williams et al.","date":["2010s"],"place":"Tuamotu-Gambier","min_depth":15,"max_depth":20,"fish_length_unit":"mm","fish_length_val":38.7,"link":"http://n2t.net/ark:/65665/m35b868386-66bf-438e-bef5-ed4c5b8598a7"},{"id":"ld1-1643412988961-1643412993036-0","title":"Pseudanthias oumati","date":["2010s"],"place":"Pacific","min_depth":20,"max_depth":30,"fish_length_unit":"mm","fish_length_val":57,"link":"http://n2t.net/ark:/65665/m3a34e855a-dd9b-4292-a298-9d39dc437ec0"},{"id":"ld1-1643412988961-1643413007574-1","title":"Pseudogramma paucilepis Williams & Viviani","date":["2010s"],"place":"Pacific","min_depth":18,"max_depth":22,"fish_length_unit":"mm","fish_length_val":18.3,"link":"http://n2t.net/ark:/65665/m3c29262ba-3f98-4be7-866b-863a3165d04d"},{"id":"ld1-1643412988961-1643413007693-0","title":"Pseudogramma galzini Williams & Viviani","date":["2010s"],"place":"Pacific","min_depth":18,"max_depth":22,"fish_length_unit":"mm","fish_length_val":47.4,"link":"http://n2t.net/ark:/65665/m3dcd22ad0-2e98-43f3-babf-06dc2a5b1418"},{"id":"ld1-1643412988961-1643413007794-1","title":"Pseudogramma galzini Williams & Viviani","date":["2010s"],"place":"Pacific","min_depth":18,"max_depth":22,"fish_length_unit":"mm","fish_length_val":45.7,"link":"http://n2t.net/ark:/65665/m32d190b2f-351b-4748-8158-883cdb673150"},{"id":"ld1-1643412988961-1643413007793-0","title":"Pseudogramma galzini Williams & Viviani","date":["2010s"],"place":"Pacific","min_depth":18,"max_depth":22,"fish_length_unit":"mm","fish_length_val":55.4,"link":"http://n2t.net/ark:/65665/m362e0cee4-8c9f-4c35-8969-ba90f6b2efc0"},{"id":"ld1-1643412988961-1643413007776-0","title":"Pseudogramma paucilepis Williams & Viviani","date":["2010s"],"place":"Pacific","min_depth":18,"max_depth":22,"fish_length_unit":"mm","fish_length_val":46.8,"link":"http://n2t.net/ark:/65665/m3efde6108-6585-46de-8e80-46022411a92d"},{"id":"ld1-1643412988961-1643412991169-0","title":"Liopropoma olneyi","date":["2010s"],"place":"Curacao","min_depth":78,"max_depth":133,"fish_length_unit":"mm","fish_length_val":80,"link":"http://n2t.net/ark:/65665/m340c3d8f8-e111-4c17-877d-9d9baf8a3dea"},{"id":"ld1-1643412988961-1643412994145-0","title":"Parupeneus williamsi Shibuya & Motomura","date":["2000s"],"place":"Pacific","min_depth":6,"max_depth":18,"fish_length_unit":"mm","fish_length_val":144.1,"link":"http://n2t.net/ark:/65665/m3b566a827-c518-4351-bcf7-e2ffc9b02cd9"},{"id":"ld1-1643412988961-1643412992939-1","title":"Eviota lacrimosa Tornabene et al.","date":["2010s"],"place":"Pacific","min_depth":3,"max_depth":6,"fish_length_unit":"mm","fish_length_val":14,"link":"http://n2t.net/ark:/65665/m3572a77a6-dba3-4c0a-853c-550af9a634e7"},{"id":"ld1-1643412988961-1643412991285-0","title":"Varicus decorum van Tassell et al.","date":["2010s"],"place":"Curacao","min_depth":173,"max_depth":259,"fish_length_unit":"mm","fish_length_val":43,"link":"http://n2t.net/ark:/65665/m3939b41bb-3315-4cb1-9c8c-6dfce08280cb"},{"id":"ld1-1643412988961-1643412992989-0","title":"Macropharyngodon pakoko","date":["2010s"],"place":"Pacific","min_depth":15,"max_depth":35,"fish_length_unit":"mm","fish_length_val":60,"link":"http://n2t.net/ark:/65665/m3722a7238-066e-4505-a803-bb9a9bd28881"},{"id":"ld1-1643412988961-1643412992937-1","title":"Macropharyngodon pakoko","date":["2010s"],"place":"Pacific","min_depth":7,"max_depth":9,"fish_length_unit":"mm","fish_length_val":56,"link":"http://n2t.net/ark:/65665/m32c5efdab-428e-4aad-a952-3ab5ffbd6bc1"},{"id":"ld1-1643412988961-1643412992959-0","title":"Macropharyngodon pakoko","date":["2010s"],"place":"Pacific","min_depth":15,"max_depth":35,"fish_length_unit":"mm","fish_length_val":72,"link":"http://n2t.net/ark:/65665/m325667eaa-5be7-4a90-8166-28b20f13095f"},{"id":"ld1-1643412988961-1643412992720-1","title":"Parupeneus williamsi Shibuya & Motomura","date":["2010s"],"place":"Pacific","min_depth":3,"max_depth":6,"fish_length_unit":"mm","fish_length_val":166,"link":"http://n2t.net/ark:/65665/m34cdf8634-7a66-447d-8c6a-982d41127713"},{"id":"ld1-1643412988961-1643412992842-0","title":"Trachinotus macrospilus Smith-Vaniz & Walsh","date":["2010s"],"place":"Pacific","min_depth":0,"max_depth":3,"fish_length_unit":"mm","fish_length_val":58,"link":"http://n2t.net/ark:/65665/m3e8882a40-b99a-4c3a-a1b2-b2aa33f62596"},{"id":"ld1-1643412988961-1643412992782-1","title":"Eviota lacrimosa Tornabene et al.","date":["2010s"],"place":"Pacific","min_depth":3,"max_depth":6,"fish_length_unit":"mm","fish_length_val":14,"link":"http://n2t.net/ark:/65665/m36a1c3144-bbcf-44e1-9d51-5adc6d5aad18"},{"id":"ld1-1643412988961-1643412992722-1","title":"Callogobius","date":["2010s"],"place":"Pacific","min_depth":3,"max_depth":6,"fish_length_unit":"mm","fish_length_val":31,"link":"http://n2t.net/ark:/65665/m32b53f1e9-16a0-4837-8393-ccc980737d7f"},{"id":"ld1-1643414195102-1643414263550-0","title":"Eviota lacrimosa Tornabene et al.","date":["2000s"],"place":"Pacific","min_depth":6,"max_depth":20,"fish_length_unit":"mm","fish_length_val":10.2,"link":"http://n2t.net/ark:/65665/m36eba28fd-5bc1-450d-84d4-0d63b78bb196"},{"id":"ld1-1643412988961-1643412991406-0","title":"Varicus veliguttatus van Tassell et al.","date":["2010s"],"place":"Curacao","min_depth":80,"max_depth":152,"fish_length_unit":"mm","fish_length_val":41,"link":"http://n2t.net/ark:/65665/m3b14ca1c7-718c-486f-9fa9-fab3d3794f5d"},{"id":"ld1-1643412988961-1643412992971-0","title":"Parupeneus williamsi Shibuya & Motomura","date":["2010s"],"place":"Pacific","min_depth":3,"max_depth":6,"fish_length_unit":"mm","fish_length_val":108,"link":"http://n2t.net/ark:/65665/m34282213f-d31a-428d-b278-4cfb023afff3"},{"id":"ld1-1643412988961-1643412992889-0","title":"Eviota deminuta Tornabene et al.","date":["2010s"],"place":"Pacific","min_depth":3,"max_depth":30,"fish_length_unit":"mm","fish_length_val":13,"link":"http://n2t.net/ark:/65665/m3ce6b7c72-12cf-4c14-9edf-a83acefd9732"},{"id":"ld1-1643412988961-1643412992843-0","title":"Callogobius williamsi Delventhal & Mooi","date":["2010s"],"place":"Pacific","min_depth":7,"max_depth":27,"fish_length_unit":"mm","fish_length_val":35,"link":"http://n2t.net/ark:/65665/m37d20117d-87bf-4a6b-b50f-21683717e59f"},{"id":"ld1-1643412988961-1643412993031-1","title":"Eviota lacrimosa Tornabene et al.","date":["2010s"],"place":"Pacific","min_depth":3,"max_depth":6,"fish_length_unit":"mm","fish_length_val":12,"link":"http://n2t.net/ark:/65665/m3fdd45e1c-4a18-438f-8959-d8d808d38f28"},{"id":"ld1-1643412988961-1643412992771-0","title":"Macropharyngodon pakoko","date":["2010s"],"place":"Pacific","min_depth":7,"max_depth":9,"fish_length_unit":"mm","fish_length_val":70,"link":"http://n2t.net/ark:/65665/m3e14e58f4-2955-4f87-b201-7b0bc24d987f"},{"id":"ld1-1643412988961-1643412992898-0","title":"Trachinotus macrospilus Smith-Vaniz & Walsh","date":["2010s"],"place":"Pacific","min_depth":0,"max_depth":3,"fish_length_unit":"mm","fish_length_val":130,"link":"http://n2t.net/ark:/65665/m32de0ac82-5b7a-40ab-af96-a6ea8804027a"},{"id":"ld1-1643412988961-1643412992940-0","title":"Eviota deminuta Tornabene et al.","date":["2010s"],"place":"Pacific","min_depth":3,"max_depth":6,"fish_length_unit":"mm","fish_length_val":9,"link":"http://n2t.net/ark:/65665/m371f8d1ec-7888-44bc-abb0-c1349fd43641"},{"id":"ld1-1643412988961-1643412992781-0","title":"Macropharyngodon pakoko","date":["2010s"],"place":"Pacific","min_depth":15,"max_depth":35,"fish_length_unit":"mm","fish_length_val":60,"link":"http://n2t.net/ark:/65665/m3d19d6595-b854-4f30-b750-5148153552d0"},{"id":"ld1-1643412988961-1643412992887-0","title":"Macropharyngodon pakoko","date":["2010s"],"place":"Pacific","min_depth":0,"max_depth":4,"fish_length_unit":"mm","fish_length_val":35,"link":"http://n2t.net/ark:/65665/m3c18920f8-9214-4093-b53d-2677a83a515b"},{"id":"ld1-1643412988961-1643412993017-1","title":"Macropharyngodon pakoko","date":["2010s"],"place":"Pacific","min_depth":7,"max_depth":9,"fish_length_unit":"mm","fish_length_val":67,"link":"http://n2t.net/ark:/65665/m374447a25-e756-4e24-8f42-4168a4b9bdbe"},{"id":"ld1-1643412988961-1643412992874-0","title":"Trimma erwani Viviani et al.","date":["2010s"],"place":"Pacific","min_depth":20,"max_depth":30,"fish_length_unit":"mm","fish_length_val":14,"link":"http://n2t.net/ark:/65665/m3713d6637-2561-4c3c-a6a3-5fb47bc875a3"},{"id":"ld1-1643412988961-1643412992879-0","title":"Trimma erwani Viviani et al.","date":["2010s"],"place":"Pacific","min_depth":20,"max_depth":30,"fish_length_unit":"mm","fish_length_val":14,"link":"http://n2t.net/ark:/65665/m3c87d7cd5-615b-43e6-ad51-4c958822f55e"},{"id":"ld1-1643412988961-1643413007629-0","title":"Pseudogramma galzini Williams & Viviani","date":["2010s"],"place":"Pacific","min_depth":10,"max_depth":15,"fish_length_unit":"mm","fish_length_val":35.1,"link":"http://n2t.net/ark:/65665/m35d28f4d3-37d4-4478-b425-3017530396af"},{"id":"ld1-1643412988961-1643413007706-1","title":"Pseudogramma galzini Williams & Viviani","date":["2010s"],"place":"Pacific","min_depth":10,"max_depth":15,"fish_length_unit":"mm","fish_length_val":42.4,"link":"http://n2t.net/ark:/65665/m38f89948d-c3ec-4c21-8406-08fb4c07a4f5"},{"id":"ld1-1643412988961-1643413007615-0","title":"Pseudogramma galzini Williams & Viviani","date":["2010s"],"place":"Pacific","min_depth":10,"max_depth":15,"fish_length_unit":"mm","fish_length_val":37.5,"link":"http://n2t.net/ark:/65665/m3c9559547-bfe6-49fc-884a-87108614075a"},{"id":"ld1-1643412988961-1643413007731-0","title":"Pseudogramma galzini Williams & Viviani","date":["2010s"],"place":"Pacific","min_depth":10,"max_depth":15,"fish_length_unit":"mm","fish_length_val":50.6,"link":"http://n2t.net/ark:/65665/m394029866-1f4e-430c-9559-dff6a7923039"},{"id":"ld1-1643414195102-1643414264146-1","title":"Pseudogramma paucilepis Williams & Viviani","date":["2010s"],"place":"Tuamotu-Gambier","min_depth":15,"max_depth":20,"fish_length_unit":"mm","fish_length_val":29.1,"link":"http://n2t.net/ark:/65665/m39953fd0b-a1af-4b43-9558-815b5bbc70eb"},{"id":"ld1-1643414195102-1643414264022-0","title":"Pseudogramma galzini Williams & Viviani","date":["2010s"],"place":"Tuamotu-Gambier","min_depth":15,"max_depth":20,"fish_length_unit":"mm","fish_length_val":17.3,"link":"http://n2t.net/ark:/65665/m3890dc15c-a7b7-4eed-b17e-cb3d345a5c47"},{"id":"ld1-1643412988961-1643412990935-0","title":"Pseudogramma galzini Williams & Viviani","date":["2010s"],"place":"Tuamotu-Gambier","min_depth":1,"max_depth":5,"fish_length_unit":"mm","fish_length_val":52.1,"link":"http://n2t.net/ark:/65665/m39d3923ec-874a-406c-8764-dd3afb2f74c2"},{"id":"ld1-1643412988961-1643412989363-0","title":"Pseudogramma galzini Williams & Viviani","date":["2010s"],"place":"Tuamotu-Gambier","min_depth":15,"max_depth":20,"fish_length_unit":"mm","fish_length_val":33.8,"link":"http://n2t.net/ark:/65665/m39d15729f-7611-485b-bc67-9c9a4b0544b3"},{"id":"ld1-1643412988961-1643413007559-0","title":"Pseudogramma galzini Williams & Viviani","date":["2010s"],"place":"Pacific","min_depth":18,"max_depth":30,"fish_length_unit":"mm","fish_length_val":61.7,"link":"http://n2t.net/ark:/65665/m33afd5f05-ac5a-4b14-be1e-3e5ca118a128"},{"id":"ld1-1643412988961-1643413007498-1","title":"Trimma lutea Viviani et al.","date":["2010s"],"place":"Pacific","min_depth":20,"max_depth":26,"fish_length_unit":"mm","fish_length_val":19.4,"link":"http://n2t.net/ark:/65665/m3ef067283-cf76-4278-8ff9-2ae130b56b04"},{"id":"ld1-1643412988961-1643413007597-1","title":"Trimma lutea Viviani et al.","date":["2010s"],"place":"Pacific","min_depth":20,"max_depth":26,"fish_length_unit":"mm","fish_length_val":24.7,"link":"http://n2t.net/ark:/65665/m3f2db3a7d-e84c-4b44-8715-9d42589ce2ed"},{"id":"ld1-1643412988961-1643413007774-1","title":"Pseudogramma galzini Williams & Viviani","date":["2010s"],"place":"Pacific","min_depth":3,"max_depth":5,"fish_length_unit":"mm","fish_length_val":58.3,"link":"http://n2t.net/ark:/65665/m38ab841f0-c8bb-4e91-a186-da74f4788a59"},{"id":"ld1-1643412988961-1643413007473-0","title":"Trimma lutea Viviani et al.","date":["2010s"],"place":"Pacific","min_depth":20,"max_depth":26,"fish_length_unit":"mm","fish_length_val":22.6,"link":"http://n2t.net/ark:/65665/m3750b0873-261a-4ea0-9434-894999acfdfc"},{"id":"ld1-1643412988961-1643413007567-0","title":"Trimma lutea Viviani et al.","date":["2010s"],"place":"Pacific","min_depth":20,"max_depth":26,"fish_length_unit":"mm","fish_length_val":19.3,"link":"http://n2t.net/ark:/65665/m3e192866b-8418-4c03-9334-a9091434bbfe"},{"id":"ld1-1643412988961-1643413007613-0","title":"Pseudogramma galzini Williams & Viviani","date":["2010s"],"place":"Pacific","min_depth":18,"max_depth":30,"fish_length_unit":"mm","fish_length_val":42.2,"link":"http://n2t.net/ark:/65665/m34511ebf7-cad6-4f06-9c50-5b093a7b023e"},{"id":"ld1-1643412988961-1643413007581-1","title":"Pseudogramma paucilepis Williams & Viviani","date":["2010s"],"place":"Pacific","min_depth":21,"max_depth":29,"fish_length_unit":"mm","fish_length_val":25.7,"link":"http://n2t.net/ark:/65665/m39e003d3a-3bce-40b9-be69-c817d51cd222"},{"id":"ld1-1643412988961-1643413007686-0","title":"Pseudogramma paucilepis Williams & Viviani","date":["2010s"],"place":"Pacific","min_depth":21,"max_depth":29,"fish_length_unit":"mm","fish_length_val":44.1,"link":"http://n2t.net/ark:/65665/m3b944dbd8-fe68-4b82-8c28-2d1c739bd589"},{"id":"ld1-1643412988961-1643413007584-0","title":"Pseudogramma paucilepis Williams & Viviani","date":["2010s"],"place":"Pacific","min_depth":21,"max_depth":29,"fish_length_unit":"mm","fish_length_val":61.3,"link":"http://n2t.net/ark:/65665/m3f78fc0d0-fdcc-4613-8759-d910aac8227e"},{"id":"ld1-1643412988961-1643413007652-1","title":"Cirripectes matatakaro Hoban & Williams","date":["2010s"],"place":"Pacific","min_depth":18,"max_depth":22,"fish_length_unit":"mm","fish_length_val":57.8,"link":"http://n2t.net/ark:/65665/m31b5a5a29-fd99-4132-a85e-005548b28cbb"},{"id":"ld1-1643412988961-1643412994135-0","title":"Parupeneus williamsi Shibuya & Motomura","date":["2000s"],"place":"Pacific","min_depth":6,"max_depth":26,"fish_length_unit":"mm","fish_length_val":77.2,"link":"http://n2t.net/ark:/65665/m3142ed926-3e6e-4272-9312-ff46e0d1ba5a"},{"id":"ld1-1643412988961-1643412992665-0","title":"Eviota dorsimaculata Tornabene et al.","date":["2000s"],"place":"Pacific","min_depth":5,"max_depth":27,"fish_length_unit":"mm","fish_length_val":11,"link":"http://n2t.net/ark:/65665/m316d24215-4185-43e5-a42d-9c61bf8e3f6f"},{"id":"ld1-1643412988961-1643412992899-0","title":"Eviota dorsimaculata Tornabene et al.","date":["2010s"],"place":"Pacific","min_depth":15,"max_depth":25,"fish_length_unit":"mm","fish_length_val":10,"link":"http://n2t.net/ark:/65665/m354287069-704f-4456-937d-c642c42441fe"},{"id":"ld1-1643412988961-1643412992783-0","title":"Callogobius williamsi Delventhal & Mooi","date":["2010s"],"place":"Pacific","min_depth":3,"max_depth":6,"fish_length_unit":"mm","fish_length_val":33,"link":"http://n2t.net/ark:/65665/m3c8758bb8-864c-4a3a-8400-58311b3f80e8"},{"id":"ld1-1643412988961-1643412994123-0","title":"Callogobius williamsi Delventhal & Mooi","date":["2000s"],"place":"Pacific","min_depth":6,"max_depth":25,"fish_length_unit":"mm","fish_length_val":16.7,"link":"http://n2t.net/ark:/65665/m3f35c8383-1b22-4c69-9ef4-02f7549107c4"},{"id":"ld1-1643412988961-1643412992974-1","title":"Eviota dorsimaculata Tornabene et al.","date":["2010s"],"place":"Pacific","min_depth":15,"max_depth":25,"fish_length_unit":"mm","fish_length_val":10,"link":"http://n2t.net/ark:/65665/m33c95a240-f5b8-42e9-836c-d5399e46c16c"},{"id":"ld1-1710844265299-1710844299862-0","title":"Trachinotus macrospilus Smith-Vaniz & Walsh","date":["2010s"],"place":"Pacific","min_depth":0,"max_depth":10,"fish_length_unit":"mm","fish_length_val":269,"link":"http://n2t.net/ark:/65665/m344a2ddc0-2f01-404c-b954-20e502c79933"},{"id":"ld1-1710844265299-1710844299863-1","title":"Trachinotus macrospilus Smith-Vaniz & Walsh","date":["2010s"],"place":"Pacific","min_depth":0,"max_depth":10,"fish_length_unit":"mm","fish_length_val":264,"link":"http://n2t.net/ark:/65665/m359b6ae6c-73af-4f48-8780-5135990649ca"},{"id":"ld1-1710844265299-1710844299861-0","title":"Trachinotus macrospilus Smith-Vaniz & Walsh","date":["2010s"],"place":"Pacific","min_depth":0,"max_depth":10,"fish_length_unit":"mm","fish_length_val":230,"link":"http://n2t.net/ark:/65665/m3acc15ee5-e307-4f5c-9cd4-29bb69dba25b"},{"id":"ld1-1710844265299-1710844299863-0","title":"Trachinotus macrospilus Smith-Vaniz & Walsh","date":["2010s"],"place":"Pacific","min_depth":0,"max_depth":10,"fish_length_unit":"mm","fish_length_val":273,"link":"http://n2t.net/ark:/65665/m3cf409faa-cb03-48f0-86ee-19cc6f6de815"},{"id":"ld1-1710844265299-1710844299864-0","title":"Trachinotus macrospilus Smith-Vaniz & Walsh","date":["2010s"],"place":"Pacific","min_depth":0,"max_depth":10,"fish_length_unit":"mm","fish_length_val":290,"link":"http://n2t.net/ark:/65665/m3ae6b34a7-d054-4ba0-ab40-132d4de33f38"},{"id":"ld1-1710844265299-1710844299859-0","title":"Trachinotus macrospilus Smith-Vaniz & Walsh","date":["2010s"],"place":"Pacific","min_depth":0,"max_depth":10,"fish_length_unit":"mm","fish_length_val":249,"link":"http://n2t.net/ark:/65665/m3df560f18-9c7e-4514-bd06-fdb499f5dc94"}]